Gene,TPM
PMP2,13.4498
ARK1,9.31458
SNC1,11.3689
SWI1,9.43545
YDR261W-B,12.8753
YLR154W-F,11.5348
NHP6B,12.2365
RAD28,8.87234
RTC1,7.84207
KRE1,11.9253
ERD2,9.86781
KSH1,11.4042
YBR255C-A,9.06145
FRQ1,11.0098
HDA1,7.98176
ARC18,11.3244
ATP16,11.5221
COX13,11.3118
ERO1,11.7745
EGT2,12.3875
EGT2,12.3875
